sat_id,x,y,z,vx,vy,vz,epoch_jd
0,0,0,0,0,0,0,2460463.0000000000
1,-50000,0,-43301.3,0,110.157,2.92075e-15,2460463.0000000000
2,-38302.2,64278.8,-33170.7,35.4039,84.3854,30.6607,2460463.0000000000
3,-8682.41,98480.8,-7519.19,54.2419,19.1286,46.9749,2460463.0000000000
4,25000,86602.5,21650.6,47.6995,-55.0787,41.309,2460463.0000000000
5,46984.6,34202,40689.9,18.838,-103.514,16.3142,2460463.0000000000
6,46984.6,-34202,40689.9,-18.838,-103.514,-16.3142,2460463.0000000000
7,25000,-86602.5,21650.6,-47.6995,-55.0787,-41.309,2460463.0000000000
8,-8682.41,-98480.8,-7519.19,-54.2419,19.1286,-46.9749,2460463.0000000000
