sat_id,a,e,i,Omega,omega,M,epoch_jd
0,6.89981e+06,0.0011,97.5008,347.044,90,0,2460463.0000000000
1,6.89981e+06,0.00834658,97.8604,347.044,90,0,2460463.0000000000
2,6.89981e+06,0.00812007,97.8604,347.044,90,0,2460463.0000000000
3,6.89981e+06,0.00751607,97.8604,347.044,90,0,2460463.0000000000
4,6.89981e+06,0.006764,97.8604,347.044,90,0,2460463.0000000000
5,6.89981e+06,0.0062243,97.8604,347.044,90,0,2460463.0000000000
6,6.89981e+06,0.0062243,97.8604,347.044,90,0,2460463.0000000000
7,6.89981e+06,0.006764,97.8604,347.044,90,0,2460463.0000000000
8,6.89981e+06,0.00751607,97.8604,347.044,90,0,2460463.0000000000
