index,x,y,z,time_hours,time_jd
1,0,0,0,0,2.46046e+06
2,-50000,0,-43301.3,0.0606061,2.46046e+06
3,-40450.8,58778.5,-35031.5,0.121212,2.46046e+06
4,-15450.8,95105.7,-13380.8,0.181818,2.46046e+06
5,15450.8,95105.7,13380.8,0.242424,2.46046e+06
6,40450.8,58778.5,35031.5,0.30303,2.46046e+06
7,50000,1.22465e-11,43301.3,0.363636,2.46046e+06
8,40450.8,-58778.5,35031.5,0.424242,2.46046e+06
